<?xml version="1.0" encoding="utf-8"?>
<resources>
    <style name="Base.Theme.Cms" parent="Theme.Material3.DayNight.NoActionBar">
        
        
    </style>
    <style name="Theme.AppCompat.DayNight" parent="Theme.AppCompat"/>
    <style name="Theme.AppCompat.DayNight.DarkActionBar" parent="Theme.AppCompat"/>
    <style name="Theme.AppCompat.DayNight.Dialog" parent="Theme.AppCompat.Dialog"/>
    <style name="Theme.AppCompat.DayNight.Dialog.Alert" parent="Theme.AppCompat.Dialog.Alert"/>
    <style name="Theme.AppCompat.DayNight.Dialog.MinWidth" parent="Theme.AppCompat.Dialog.MinWidth"/>
    <style name="Theme.AppCompat.DayNight.DialogWhenLarge" parent="Theme.AppCompat.DialogWhenLarge"/>
    <style name="Theme.AppCompat.DayNight.NoActionBar" parent="Theme.AppCompat.NoActionBar"/>
    <style name="Theme.Material3.DayNight" parent="Theme.Material3.Dark"/>
    <style name="Theme.Material3.DayNight.BottomSheetDialog" parent="Theme.Material3.Dark.BottomSheetDialog"/>
    <style name="Theme.Material3.DayNight.Dialog" parent="Theme.Material3.Dark.Dialog"/>
    <style name="Theme.Material3.DayNight.Dialog.Alert" parent="Theme.Material3.Dark.Dialog.Alert"/>
    <style name="Theme.Material3.DayNight.Dialog.MinWidth" parent="Theme.Material3.Dark.Dialog.MinWidth"/>
    <style name="Theme.Material3.DayNight.DialogWhenLarge" parent="Theme.Material3.Dark.DialogWhenLarge"/>
    <style name="Theme.Material3.DayNight.NoActionBar" parent="Theme.Material3.Dark.NoActionBar"/>
    <style name="Theme.Material3.DayNight.SideSheetDialog" parent="Theme.Material3.Dark.SideSheetDialog"/>
    <style name="Theme.Material3.DynamicColors.DayNight" parent="Theme.Material3.DynamicColors.Dark"/>
    <style name="Theme.MaterialComponents.DayNight" parent="Theme.MaterialComponents"/>
    <style name="Theme.MaterialComponents.DayNight.BottomSheetDialog" parent="Theme.MaterialComponents.BottomSheetDialog"/>
    <style name="Theme.MaterialComponents.DayNight.Bridge" parent="Theme.MaterialComponents.Bridge"/>
    <style name="Theme.MaterialComponents.DayNight.DarkActionBar" parent="Theme.MaterialComponents"/>
    <style name="Theme.MaterialComponents.DayNight.DarkActionBar.Bridge" parent="Theme.MaterialComponents.Bridge"/>
    <style name="Theme.MaterialComponents.DayNight.Dialog" parent="Theme.MaterialComponents.Dialog"/>
    <style name="Theme.MaterialComponents.DayNight.Dialog.Alert" parent="Theme.MaterialComponents.Dialog.Alert"/>
    <style name="Theme.MaterialComponents.DayNight.Dialog.Alert.Bridge" parent="Theme.MaterialComponents.Dialog.Alert.Bridge"/>
    <style name="Theme.MaterialComponents.DayNight.Dialog.Bridge" parent="Theme.MaterialComponents.Dialog.Bridge"/>
    <style name="Theme.MaterialComponents.DayNight.Dialog.FixedSize" parent="Theme.MaterialComponents.Dialog.FixedSize"/>
    <style name="Theme.MaterialComponents.DayNight.Dialog.FixedSize.Bridge" parent="Theme.MaterialComponents.Dialog.FixedSize.Bridge"/>
    <style name="Theme.MaterialComponents.DayNight.Dialog.MinWidth" parent="Theme.MaterialComponents.Dialog.MinWidth"/>
    <style name="Theme.MaterialComponents.DayNight.Dialog.MinWidth.Bridge" parent="Theme.MaterialComponents.Dialog.MinWidth.Bridge"/>
    <style name="Theme.MaterialComponents.DayNight.DialogWhenLarge" parent="Theme.MaterialComponents.DialogWhenLarge"/>
    <style name="Theme.MaterialComponents.DayNight.NoActionBar" parent="Theme.MaterialComponents.NoActionBar"/>
    <style name="Theme.MaterialComponents.DayNight.NoActionBar.Bridge" parent="Theme.MaterialComponents.NoActionBar.Bridge"/>
    <style name="ThemeOverlay.AppCompat.DayNight" parent="ThemeOverlay.AppCompat.Dark"/>
    <style name="ThemeOverlay.Material3.DynamicColors.DayNight" parent="ThemeOverlay.Material3.DynamicColors.Dark"/>
    <style name="Widget.MaterialComponents.ActionBar.PrimarySurface" parent="Widget.MaterialComponents.ActionBar.Surface"/>
    <style name="Widget.MaterialComponents.AppBarLayout.PrimarySurface" parent="Widget.MaterialComponents.AppBarLayout.Surface"/>
    <style name="Widget.MaterialComponents.BottomAppBar.PrimarySurface" parent="Widget.MaterialComponents.BottomAppBar"/>
    <style name="Widget.MaterialComponents.BottomNavigationView.PrimarySurface" parent="Widget.MaterialComponents.BottomNavigationView"/>
    <style name="Widget.MaterialComponents.NavigationRailView.PrimarySurface" parent="Widget.MaterialComponents.NavigationRailView"/>
    <style name="Widget.MaterialComponents.TabLayout.PrimarySurface" parent="Widget.MaterialComponents.TabLayout"/>
    <style name="Widget.MaterialComponents.Toolbar.PrimarySurface" parent="Widget.MaterialComponents.Toolbar.Surface"/>
</resources>