<?xml version="1.0" encoding="utf-8"?>
<resources>
    <color name="black">#FF000000</color>
    <color name="screen_background_color">#D0D5CB</color>
    <color name="white">#FFFFFFFF</color>
    <string name="app_name">Contacts Book</string>
    <string name="hint_enter_email_address">Enter email address</string>
    <string name="hint_enter_mobile_no">Enter mobile no</string>
    <string name="hint_enter_name">Enter name</string>
    <style name="Base.Theme.Cms" parent="Theme.Material3.DayNight.NoActionBar">
        
        
    </style>
    <style name="Theme.Cms" parent="Base.Theme.Cms"/>
</resources>