<?xml version="1.0" encoding="utf-8"?>
<merger version="3"><dataSet aapt-namespace="http://schemas.android.com/apk/res-auto" config="main$Generated" generated="true" ignore_pattern="!.svn:!.git:!.ds_store:!*.scc:.*:&lt;dir>_*:!CVS:!thumbs.db:!picasa.ini:!*~"><source path="D:\spring2024\thursdaysection\cms\app\src\main\res"/></dataSet><dataSet aapt-namespace="http://schemas.android.com/apk/res-auto" config="main" generated-set="main$Generated" ignore_pattern="!.svn:!.git:!.ds_store:!*.scc:.*:&lt;dir>_*:!CVS:!thumbs.db:!picasa.ini:!*~"><source path="D:\spring2024\thursdaysection\cms\app\src\main\res"><file name="ic_add" path="D:\spring2024\thursdaysection\cms\app\src\main\res\drawable\ic_add.png" qualifiers="" type="drawable"/><file name="ic_done" path="D:\spring2024\thursdaysection\cms\app\src\main\res\drawable\ic_done.png" qualifiers="" type="drawable"/><file name="ic_launcher_background" path="D:\spring2024\thursdaysection\cms\app\src\main\res\drawable\ic_launcher_background.xml" qualifiers="" type="drawable"/><file name="ic_launcher_foreground" path="D:\spring2024\thursdaysection\cms\app\src\main\res\drawable\ic_launcher_foreground.xml" qualifiers="" type="drawable"/><file name="activity_contact_list" path="D:\spring2024\thursdaysection\cms\app\src\main\res\layout\activity_contact_list.xml" qualifiers="" type="layout"/><file name="activity_contact_manage" path="D:\spring2024\thursdaysection\cms\app\src\main\res\layout\activity_contact_manage.xml" qualifiers="" type="layout"/><file name="item_contact" path="D:\spring2024\thursdaysection\cms\app\src\main\res\layout\item_contact.xml" qualifiers="" type="layout"/><file name="ic_launcher" path="D:\spring2024\thursdaysection\cms\app\src\main\res\mipmap-anydpi-v26\ic_launcher.xml" qualifiers="anydpi-v26" type="mipmap"/><file name="ic_launcher_round" path="D:\spring2024\thursdaysection\cms\app\src\main\res\mipmap-anydpi-v26\ic_launcher_round.xml" qualifiers="anydpi-v26" type="mipmap"/><file name="ic_launcher" path="D:\spring2024\thursdaysection\cms\app\src\main\res\mipmap-hdpi\ic_launcher.webp" qualifiers="hdpi-v4" type="mipmap"/><file name="ic_launcher_round" path="D:\spring2024\thursdaysection\cms\app\src\main\res\mipmap-hdpi\ic_launcher_round.webp" qualifiers="hdpi-v4" type="mipmap"/><file name="ic_launcher" path="D:\spring2024\thursdaysection\cms\app\src\main\res\mipmap-mdpi\ic_launcher.webp" qualifiers="mdpi-v4" type="mipmap"/><file name="ic_launcher_round" path="D:\spring2024\thursdaysection\cms\app\src\main\res\mipmap-mdpi\ic_launcher_round.webp" qualifiers="mdpi-v4" type="mipmap"/><file name="ic_launcher" path="D:\spring2024\thursdaysection\cms\app\src\main\res\mipmap-xhdpi\ic_launcher.webp" qualifiers="xhdpi-v4" type="mipmap"/><file name="ic_launcher_round" path="D:\spring2024\thursdaysection\cms\app\src\main\res\mipmap-xhdpi\ic_launcher_round.webp" qualifiers="xhdpi-v4" type="mipmap"/><file name="ic_launcher" path="D:\spring2024\thursdaysection\cms\app\src\main\res\mipmap-xxhdpi\ic_launcher.webp" qualifiers="xxhdpi-v4" type="mipmap"/><file name="ic_launcher_round" path="D:\spring2024\thursdaysection\cms\app\src\main\res\mipmap-xxhdpi\ic_launcher_round.webp" qualifiers="xxhdpi-v4" type="mipmap"/><file name="ic_launcher" path="D:\spring2024\thursdaysection\cms\app\src\main\res\mipmap-xxxhdpi\ic_launcher.webp" qualifiers="xxxhdpi-v4" type="mipmap"/><file name="ic_launcher_round" path="D:\spring2024\thursdaysection\cms\app\src\main\res\mipmap-xxxhdpi\ic_launcher_round.webp" qualifiers="xxxhdpi-v4" type="mipmap"/><file path="D:\spring2024\thursdaysection\cms\app\src\main\res\values\colors.xml" qualifiers=""><color name="black">#FF000000</color><color name="white">#FFFFFFFF</color><color name="screen_background_color">#D0D5CB</color></file><file path="D:\spring2024\thursdaysection\cms\app\src\main\res\values\strings.xml" qualifiers=""><string name="app_name">Contacts Book</string><string name="hint_enter_name">Enter name</string><string name="hint_enter_mobile_no">Enter mobile no</string><string name="hint_enter_email_address">Enter email address</string></file><file path="D:\spring2024\thursdaysection\cms\app\src\main\res\values\themes.xml" qualifiers=""><style name="Base.Theme.Cms" parent="Theme.Material3.DayNight.NoActionBar">
        
        
    </style><style name="Theme.Cms" parent="Base.Theme.Cms"/></file><file path="D:\spring2024\thursdaysection\cms\app\src\main\res\values-night\themes.xml" qualifiers="night-v8"><style name="Base.Theme.Cms" parent="Theme.Material3.DayNight.NoActionBar">
        
        
    </style></file><file name="backup_rules" path="D:\spring2024\thursdaysection\cms\app\src\main\res\xml\backup_rules.xml" qualifiers="" type="xml"/><file name="data_extraction_rules" path="D:\spring2024\thursdaysection\cms\app\src\main\res\xml\data_extraction_rules.xml" qualifiers="" type="xml"/></source></dataSet><dataSet aapt-namespace="http://schemas.android.com/apk/res-auto" config="debug$Generated" generated="true" ignore_pattern="!.svn:!.git:!.ds_store:!*.scc:.*:&lt;dir>_*:!CVS:!thumbs.db:!picasa.ini:!*~"><source path="D:\spring2024\thursdaysection\cms\app\src\debug\res"/></dataSet><dataSet aapt-namespace="http://schemas.android.com/apk/res-auto" config="debug" generated-set="debug$Generated" ignore_pattern="!.svn:!.git:!.ds_store:!*.scc:.*:&lt;dir>_*:!CVS:!thumbs.db:!picasa.ini:!*~"><source path="D:\spring2024\thursdaysection\cms\app\src\debug\res"/></dataSet><dataSet aapt-namespace="http://schemas.android.com/apk/res-auto" config="generated$Generated" generated="true" ignore_pattern="!.svn:!.git:!.ds_store:!*.scc:.*:&lt;dir>_*:!CVS:!thumbs.db:!picasa.ini:!*~"><source path="D:\spring2024\thursdaysection\cms\app\build\generated\res\resValues\debug"/></dataSet><dataSet aapt-namespace="http://schemas.android.com/apk/res-auto" config="generated" generated-set="generated$Generated" ignore_pattern="!.svn:!.git:!.ds_store:!*.scc:.*:&lt;dir>_*:!CVS:!thumbs.db:!picasa.ini:!*~"><source path="D:\spring2024\thursdaysection\cms\app\build\generated\res\resValues\debug"/></dataSet><mergedItems/></merger>